species_code,marine_species_name,marine_species_definition,WoRMS_AphiaID,taxonomic_source,kingdom,phylum,class,order,family,genus,species,load_date
ACAPUN,acanthinucella punctulata,prev. acanthina punctulata; currently acanthinucella punctulata,580790,World Register of Marine Species: www.marinespecies.org,Animalia,Mollusca,Gastropoda,Neogastropoda,Muricidae,Acanthina,Acanthina punctulata,10/24/2023
ACASPI,acanthinucella spirata,prev. acanthina spirata; currently acanthinucella spirata,580791,World Register of Marine Species: www.marinespecies.org,Animalia,Mollusca,Gastropoda,Neogastropoda,Muricidae,Acanthina,Acanthina spirata,10/24/2023
ACASPP,acanthinucella spp,acanthinucella spp,403857,World Register of Marine Species: www.marinespecies.org,Animalia,Mollusca,Gastropoda,Neogastropoda,Muricidae,Acanthinucella,NULL,10/24/2023
ACRSPP,acrosiphonia spp; cladophora spp,acrosiphonia/cladophora spp (not c. columbiana),146216,World Register of Marine Species: www.marinespecies.org,Plantae,(Division) Chlorophyta,Ulvophyceae,NULL,NULL,NULL,NULL,10/24/2023
AHNLIN,ahnfeltiopsis linearis,ahnfeltiopsis linearis,372234,World Register of Marine Species: www.marinespecies.org,Plantae,(Division) Rhodophyta,Florideophyceae,Gigartinales,Phyllophoraceae,Ahnfeltiopsis,Ahnfeltiopsis linearis,10/24/2023
ALAMAR,alaria marginata,alaria marginata,371791,World Register of Marine Species: www.marinespecies.org,Chromista,Ochrophyta,Phaeophyceae,Laminariales,Alariaceae,Alaria,Alaria marginata,10/24/2023
ALISPP,alia spp,alia spp,512256,World Register of Marine Species: www.marinespecies.org,Animalia,Mollusca,Gastropoda,Neogastropoda,Columbellidae,Alia,NULL,10/24/2023
ALLCRU,all crustose algae,crustose forms of all green; brown and red algae; including coralline crusts,3,World Register of Marine Species: www.marinespecies.org,Plantae,NULL,NULL,NULL,NULL,NULL,NULL,10/24/2023
AMPSPP,amphissa spp,amphissa spp,137801,World Register of Marine Species: www.marinespecies.org,Animalia,Mollusca,Gastropoda,Neogastropoda,Columbellidae,Amphissa,NULL,10/24/2023
ANAJAP,analipus japonicus,analipus japonicus,371891,World Register of Marine Species: www.marinespecies.org,Chromista,Ochrophyta,Phaeophyceae,Ralfsiales,Ralfsiaceae,Analipus,Analipus japonicus,10/24/2023
ANTELE,anthopleura elegantissima; anthopleura sola,anthopleura elegantissima/sola; may also include a. xanthogrammica at some sites,100696,World Register of Marine Species: www.marinespecies.org,Animalia,Cnidaria,Anthozoa,Actiniaria,Actiniidae,Anthopleura,NULL,10/24/2023
ANTSOL,anthopleura sola,anthopleura sola; added for collections only,240753,World Register of Marine Species: www.marinespecies.org,Animalia,Cnidaria,Anthozoa,Actiniaria,Actiniidae,Anthopleura,Anthopleura sola,10/24/2023
ANTXAN,anthopleura xanthogrammica,anthopleura xanthogrammica,283377,World Register of Marine Species: www.marinespecies.org,Animalia,Cnidaria,Anthozoa,Actiniaria,Actiniidae,Anthopleura,Anthopleura xanthogrammica,10/24/2023
APLCAL,aplysia californica,aplysia californica,240765,World Register of Marine Species: www.marinespecies.org,Animalia,Mollusca,Gastropoda,Aplysiida,Aplysiidae,Aplysia,Aplysia californica,10/24/2023
ARTCOR,articulated corallines,erect; jointed; calcified; red algae of the Family Corallinaceae; with flexible; articulate fronds arising from crustose bases,143691,World Register of Marine Species: www.marinespecies.org,Plantae,(Division) Rhodophyta,Florideophyceae,Corallinales,Corallinaceae,NULL,NULL,10/24/2023
ASTSER,astrometis sertulifera,astrometis sertulifera,255044,World Register of Marine Species: www.marinespecies.org,Animalia,Echinodermata,Asteroidea,Forcipulatida,Asteriidae,Astrometis,Astrometis sertulifera,10/24/2023
BALCRE,balanus crenatus,balanus crenatus; for WA sites,106215,World Register of Marine Species: www.marinespecies.org,Animalia,Arthropoda,Thecostraca,Balanomorpha,Balanidae,Balanus,Balanus crenatus,10/24/2023
BALGLA,balanus glandula,balanus glandula,394848,World Register of Marine Species: www.marinespecies.org,Animalia,Arthropoda,Thecostraca,Balanomorpha,Balanidae,Balanus,Balanus glandula,10/24/2023
BALSEM,balanus glandula; semibalanus balanoides,balanus glandula/semibalanus balanoides; unique to Sitka sites; changed to new code from SEMBAL to reduce field errors,106033,World Register of Marine Species: www.marinespecies.org,Animalia,Arthropoda,Thecostraca,Sessilia,NULL,NULL,NULL,10/24/2023
BANSPP,bangia spp,bangia spp,143807,World Register of Marine Species: www.marinespecies.org,Plantae,(Division) Rhodophyta,Bangiophyceae,Bangiales,Bangiaceae,Bangia,NULL,10/24/2023
BARNAC,barnacles,any species of barnacle; used for transects where species are not distinguished; also used in early photoplot data?,106033,World Register of Marine Species: www.marinespecies.org,Animalia,Arthropoda,Thecostraca,Sessilia,NULL,NULL,NULL,10/24/2023
BARSUB,bare substrate,bare rock or sand surfaces that contain no obvious living organisms or tar; including no living crustose biota (dead crustose corallines (completely bleached white) and inconspicuous blue-green algal films are scored as ,NA,MARINe researchers,NULL,NULL,NULL,NULL,NULL,NULL,NULL,10/24/2023
BITSPP,bittium spp,bittium spp,580440,World Register of Marine Species: www.marinespecies.org,Animalia,Mollusca,Gastropoda,[unassigned] Caenogastropoda,Cerithiidae,Lirobittium,Lirobittium munitum,10/24/2023
BLUGRE,blue green algae; callothrix,blue green algae/callothrix,146537,World Register of Marine Species: www.marinespecies.org,Bacteria,Cyanobacteria,NULL,NULL,NULL,NULL,NULL,10/24/2023
BRYOZO,bryozoan,bryozoan,NA,MARINe researchers,NULL,NULL,NULL,NULL,NULL,NULL,NULL,10/24/2023
BRYSPP,bryopsis spp,bryopsis spp,143812,World Register of Marine Species: www.marinespecies.org,Plantae,(Division) Chlorophyta,Ulvophyceae,Bryopsidales,Bryopsidaceae,Bryopsis,NULL,10/24/2023
CALLIG,calliostoma ligatum,calliostoma ligatum,580412,World Register of Marine Species: www.marinespecies.org,Animalia,Mollusca,Gastropoda,Trochida,Calliostomatidae,Calliostoma,Calliostoma ligatum,10/24/2023
CALPIK,callithamnion pikeanum,callithamnion pikeanum,372539,World Register of Marine Species: www.marinespecies.org,Plantae,(Division) Rhodophyta,Florideophyceae,Ceramiales,Callithamniaceae,Callithamnion,Callithamnion pikeanum,10/24/2023
CALSPP,calliostoma spp,calliostoma spp,138584,World Register of Marine Species: www.marinespecies.org,Animalia,Mollusca,Gastropoda,Trochida,Calliostomatidae,Calliostoma,NULL,10/24/2023
CAUUST,caulacanthus okamurae,caulacanthus ustulatus,145606,World Register of Marine Species: www.marinespecies.org,Plantae,(Division) Rhodophyta,Florideophyceae,Gigartinales,Caulacanthaceae,Caulacanthus,Caulacanthus ustulatus,10/24/2023
CENCLA,centroceras clavulatum,centroceras clavulatum,144531,World Register of Marine Species: www.marinespecies.org,Plantae,(Division) Rhodophyta,Florideophyceae,Ceramiales,Ceramiaceae,Centroceras,Centroceras clavulatum,10/24/2023
CERFLA,gayliella flaccida,prev. ceramium flaccidum; currently gayliella flaccida,146339,World Register of Marine Species: www.marinespecies.org,Plantae,(Division) Rhodophyta,Florideophyceae,Ceramiales,Ceramiaceae,Ceramium,Ceramium flaccidum,10/24/2023
CERNUT,ceratostoma nuttalli,ceratostoma nuttalli,403965,World Register of Marine Species: www.marinespecies.org,Animalia,Mollusca,Gastropoda,Neogastropoda,Muricidae,Ceratostoma,Ceratostoma nuttalli,10/24/2023
CERSPP,ceramium spp,ceramium spp,143834,World Register of Marine Species: www.marinespecies.org,Plantae,(Division) Rhodophyta,Florideophyceae,Ceramiales,Ceramiaceae,Ceramium,NULL,10/24/2023
CHASPP,chaetomorpha spp,chaetomorpha spp,143995,World Register of Marine Species: www.marinespecies.org,Plantae,(Division) Chlorophyta,Ulvophyceae,Cladophorales,Cladophoraceae,Chaetomorpha,NULL,10/24/2023
CHITON,chitons,any species of chiton,55,World Register of Marine Species: www.marinespecies.org,Animalia,Mollusca,Polyplacophora,NULL,NULL,NULL,NULL,10/24/2023
CHOCAN,chondracanthus canaliculatus,chondracanthus canaliculatus,371723,World Register of Marine Species: www.marinespecies.org,Plantae,(Division) Rhodophyta,Florideophyceae,Gigartinales,Gigartinaceae,Chondracanthus,Chondracanthus canaliculatus,10/24/2023
CHOSPI,chondracanthus spinosus,chondracanthus spinosus,371725,World Register of Marine Species: www.marinespecies.org,Plantae,(Division) Rhodophyta,Florideophyceae,Gigartinales,Gigartinaceae,Chondracanthus,Chondracanthus spinosus,10/24/2023
CHOSPP,chondria spp,chondria spp,143906,World Register of Marine Species: www.marinespecies.org,Plantae,(Division) Rhodophyta,Florideophyceae,Ceramiales,Rhodomelaceae,Chondria,NULL,10/24/2023
CHTBAL,chthamalus dalli; fissus; balanus glandula,chthamalus dalli/fissus/balanus glandula; includes semibalanus balanoides for Sitka AK sites only;  used for photoplots scored in the lab,106033,World Register of Marine Species: www.marinespecies.org,Animalia,Arthropoda,Thecostraca,Sessilia,NULL,NULL,NULL,10/24/2023
CHTDAL,chthamalus dalli; chthamalus fissus,chthamalus dalli/fissus,106126,World Register of Marine Species: www.marinespecies.org,Animalia,Arthropoda,Thecostraca,Balanomorpha,Chthamalidae,Chthamalus,NULL,10/24/2023
CLACOL,cladophora columbiana,cladophora columbiana,371784,World Register of Marine Species: www.marinespecies.org,Plantae,(Division) Chlorophyta,Ulvophyceae,Cladophorales,Cladophoraceae,Cladophora,Cladophora columbiana,10/24/2023
CODSET,codium setchellii,codium setchellii,371787,World Register of Marine Species: www.marinespecies.org,Plantae,(Division) Chlorophyta,Ulvophyceae,Bryopsidales,Codiaceae,Codium,Codium setchellii,10/24/2023
COLLEA,colpomenia spp; leathesia spp,colpomenia/leathesia spp,842,World Register of Marine Species: www.marinespecies.org,Chromista,Ochrophyta,Phaeophyceae,Ectocarpales,NULL,NULL,NULL,10/24/2023
COLPER,colpomenia peregrina,colpomenia peregrina,145856,World Register of Marine Species: www.marinespecies.org,Chromista,Ochrophyta,Phaeophyceae,Ectocarpales,Scytosiphonaceae,Colpomenia,Colpomenia peregrina,10/24/2023
COLPOM,colpomenia tuberculata,colpomenia tuberculata,373850,World Register of Marine Species: www.marinespecies.org,Chromista,Ochrophyta,Phaeophyceae,Ectocarpales,Scytosiphonaceae,Colpomenia,Colpomenia tuberculata,10/24/2023
CONCAL,californiconus californicus,conus californicus,581058,World Register of Marine Species: www.marinespecies.org,Animalia,Mollusca,Gastropoda,Neogastropoda,Conidae,Californiconus,Californiconus californicus,10/24/2023
CORVAN,corallina spp,corallina vancouveriensis,144007,World Register of Marine Species: www.marinespecies.org,Plantae,(Division) Rhodophyta,Florideophyceae,Corallinales,Corallinaceae,Corallina,NULL,10/24/2023
CRAGIG,crassostrea gigas,crassostrea gigas,140656,World Register of Marine Species: www.marinespecies.org,Animalia,Mollusca,Bivalvia,Ostreida,Ostreidae,Crassostrea,Crassostrea gigas,10/24/2023
CRESPP,crepidula spp,crepidula spp,137722,World Register of Marine Species: www.marinespecies.org,Animalia,Mollusca,Gastropoda,Littorinimorpha,Calyptraeidae,Crepidula,NULL,10/24/2023
CRUCOR,crustose corallines,thin; flattened; calcified; crust-like red algae of the Family Corallinaceae; having no erect; articulated fronds. Bleached crustose corallines (white) are scored as well because they may be alive,143691,World Register of Marine Species: www.marinespecies.org,Plantae,(Division) Rhodophyta,Florideophyceae,Corallinales,Corallinaceae,NULL,NULL,10/24/2023
CRYHYM,cryptopleura spp; hymenena spp,cryptopleura/hymenena spp,143673,World Register of Marine Species: www.marinespecies.org,Plantae,(Division) Rhodophyta,Florideophyceae,Ceramiales,Delesseriaceae,NULL,NULL,10/24/2023
CRYSTE,cryptochiton stelleri,cryptochiton stelleri,240776,World Register of Marine Species: www.marinespecies.org,Animalia,Mollusca,Polyplacophora,Chitonida,Acanthochitonidae,Cryptochiton,Cryptochiton stelleri,10/24/2023
CRYWOO,cryptosiphonia woodii,cryptosiphonia woodii,372563,World Register of Marine Species: www.marinespecies.org,Plantae,(Division) Rhodophyta,Florideophyceae,Gigartinales,Dumontiaceae,Cryptosiphonia,Cryptosiphonia woodii,10/24/2023
CUMAND,cumagloia andersonii,cumagloia andersonii,373999,World Register of Marine Species: www.marinespecies.org,Plantae,(Division) Rhodophyta,Florideophyceae,Nemaliales,Liagoraceae,Cumagloia,Cumagloia andersonii,10/24/2023
DEABAL,dead balanus glandula,dead balanus glandula,NA,MARINe researchers,NULL,NULL,NULL,NULL,NULL,NULL,NULL,10/24/2023
DEACHT,dead chthamalus dalli; fissus,dead chthamalus dalli/fissus,NA,MARINe researchers,NULL,NULL,NULL,NULL,NULL,NULL,NULL,10/24/2023
DEACRA,dead crassostrea gigas,dead crassostrea gigas,NA,MARINe researchers,NULL,NULL,NULL,NULL,NULL,NULL,NULL,10/24/2023
DEADCB,dead chthamalus dalli; fissus; balanus glandula,dead chthamalus dalli/fissus/balanus glandula;includes semibalanus balanoides for Sitka AK sites only;  used for photoplots scored in the lab,NA,MARINe researchers,NULL,NULL,NULL,NULL,NULL,NULL,NULL,10/24/2023
DEAINV,other dead invertebrate,other dead invertebrate,NA,MARINe researchers,NULL,NULL,NULL,NULL,NULL,NULL,NULL,10/24/2023
DEAMCA,dead mytilus californianus,dead mytilus californianus,NA,MARINe researchers,NULL,NULL,NULL,NULL,NULL,NULL,NULL,10/24/2023
DEAMTR,dead mytilus trossulus; galloprovincialis; edulis,dead mytilus trossulus,NA,MARINe researchers,NULL,NULL,NULL,NULL,NULL,NULL,NULL,10/24/2023
DEASBB,dead balanus glandula; semibalanus balanoides,dead balanus glandula/semibalanus balanoides; unique to Sitka sites,NA,MARINe researchers,NULL,NULL,NULL,NULL,NULL,NULL,NULL,10/24/2023
DEASEM,dead semibalanus cariosus,dead semibalanus cariosis,NA,MARINe researchers,NULL,NULL,NULL,NULL,NULL,NULL,NULL,10/24/2023
DEATET,dead tetraclita,dead tetraclita,NA,MARINe researchers,NULL,NULL,NULL,NULL,NULL,NULL,NULL,10/24/2023
DERIMB,dermasterias imbricata,dermasterias imbricata,240771,World Register of Marine Species: www.marinespecies.org,Animalia,Echinodermata,Asteroidea,Valvatida,Asteropseidae,Dermasterias,Dermasterias imbricata,10/24/2023
DIATOM,diatoms,diatoms,148899,World Register of Marine Species: www.marinespecies.org,Chromista,Bacillariophyta,Bacillariophyceae,NULL,NULL,NULL,NULL,10/24/2023
DICSPP,dictyota spp,dictyota spp/pachydictyon coriaceum,144086,World Register of Marine Species: www.marinespecies.org,Chromista,Ochrophyta,Phaeophyceae,Dictyotales,Dictyotaceae,Dictyota,NULL,10/24/2023
DIDVEX,didemnum vexillum,didemnum vexillum,250126,World Register of Marine Species: www.marinespecies.org,Animalia,Chordata,Ascidiacea,Aplousobranchia,Didemnidae,Didemnum,Didemnum vexillum,10/24/2023
DILCAL,dilsea californica,dilsea californica,372565,World Register of Marine Species: www.marinespecies.org,Plantae,(Division) Rhodophyta,Florideophyceae,Gigartinales,Dumontiaceae,Dilsea,Dilsea californica,10/24/2023
EGRMEN,egregia menziesii,egregia menziesii,372502,World Register of Marine Species: www.marinespecies.org,Chromista,Ochrophyta,Phaeophyceae,Laminariales,Lessoniaceae,Egregia,Egregia menziesii,10/24/2023
EGRPHY,egregia on phyllospadix,egregia overlaying phyllospadix; used for short period in transects,372502,World Register of Marine Species: www.marinespecies.org,Chromista,Ochrophyta,Phaeophyceae,Laminariales,Lessoniaceae,Egregia,Egregia menziesii,10/24/2023
EISARB,eisenia arborea,eisenia arborea,371990,World Register of Marine Species: www.marinespecies.org,Chromista,Ochrophyta,Phaeophyceae,Laminariales,Lessoniaceae,Eisenia,Eisenia arborea,10/24/2023
ENDMUR,endocladia muricata,endocladia muricata,372566,World Register of Marine Species: www.marinespecies.org,Plantae,(Division) Rhodophyta,Florideophyceae,Gigartinales,Endocladiaceae,Endocladia,Endocladia muricata,10/24/2023
ENPEPH,endarachne spp; petalonia spp; phaeostrophion spp,endarachne/petalonia/phaeostrophion spp,830,World Register of Marine Species: www.marinespecies.org,Chromista,Ochrophyta,Phaeophyceae,NULL,NULL,NULL,NULL,10/24/2023
EPITIN,epitonium tinctum,epitonium tinctum,524008,World Register of Marine Species: www.marinespecies.org,Animalia,Mollusca,Gastropoda,[unassigned] Caenogastropoda,Epitoniidae,Epitonium,Epitonium tinctum,10/24/2023
ERYDEL,erythrophyllum delesserioides,erythrophyllum delesserioides,372568,World Register of Marine Species: www.marinespecies.org,Plantae,(Division) Rhodophyta,Florideophyceae,Gigartinales,Kallymeniaceae,Erythrophyllum,Erythrophyllum delesserioides,10/24/2023
EVATRO,evasterias troschelii,evasterias troschelii,255040,World Register of Marine Species: www.marinespecies.org,Animalia,Echinodermata,Asteroidea,Forcipulatida,Asteriidae,Evasterias,Evasterias troschelii,10/24/2023
FARMOL,farlowia mollis,farlowia mollis,372571,World Register of Marine Species: www.marinespecies.org,Plantae,(Division) Rhodophyta,Florideophyceae,Gigartinales,Dumontiaceae,Farlowia,Farlowia mollis,10/24/2023
FILRED,filamentous red algae,filamentous red algae,852,World Register of Marine Species: www.marinespecies.org,Plantae,(Division) Rhodophyta,NULL,NULL,NULL,NULL,NULL,10/24/2023
FISVOL,fissurella volcano,fissurella volcano,527881,World Register of Marine Species: www.marinespecies.org,Animalia,Mollusca,Gastropoda,Lepetellida,Fissurellidae,Fissurella,Fissurella volcano,10/24/2023
FLATWO,flatworm,any species of flatworm,793,World Register of Marine Species: www.marinespecies.org,Animalia,Platyhelminthes,NULL,NULL,NULL,NULL,NULL,10/24/2023
FUCGAR,fucus distichus,fucus gardneri,145544,World Register of Marine Species: www.marinespecies.org,Chromista,Ochrophyta,Phaeophyceae,Fucales,Fucaceae,Fucus,Fucus distichus,10/24/2023
GASSUB,gastroclonium subarticulatum,gastroclonium subarticulatum,503971,World Register of Marine Species: www.marinespecies.org,Plantae,(Division) Rhodophyta,Florideophyceae,Rhodymeniales,Champiaceae,Neogastroclonium,Neogastroclonium subarticulatum,10/24/2023
GELPTE,gelidium coulteri; pterocladiella spp,gelidium coulteri/pusillum/pterocladiella spp,146315,World Register of Marine Species: www.marinespecies.org,Plantae,(Division) Rhodophyta,Florideophyceae,Gelidiales,NULL,NULL,NULL,10/24/2023
GELSPP,gelidium spp,gelidium spp,144135,World Register of Marine Species: www.marinespecies.org,Plantae,(Division) Rhodophyta,Florideophyceae,Gelidiales,Gelidiaceae,Gelidium,NULL,10/24/2023
GLOFUR,gloiopeltis furcata,gloiopeltis furcata,372181,World Register of Marine Species: www.marinespecies.org,Plantae,(Division) Rhodophyta,Florideophyceae,Gigartinales,Endocladiaceae,Gloiopeltis,Gloiopeltis furcata,10/24/2023
GRAGRA,gracilariopsis spp; gracilaria spp,gracilariopsis spp; gracilaria spp,143748,World Register of Marine Species: www.marinespecies.org,Plantae,(Division) Rhodophyta,Florideophyceae,Gracilariales,Gracilariaceae,NULL,NULL,10/24/2023
HALCIN,haliclona cinerea,haliclona cinerea,166605,World Register of Marine Species: www.marinespecies.org,Animalia,Porifera,Demospongiae,Haplosclerida,Chalinidae,Haliclona,Haliclona (Reniera),10/24/2023
HALCOR,haliotis corrugata,haliotis corrugata,445308,World Register of Marine Species: www.marinespecies.org,Animalia,Mollusca,Gastropoda,Lepetellida,Haliotidae,Haliotis,Haliotis corrugata,10/24/2023
HALCRA,haliotis cracherodii,haliotis cracherodii,405012,World Register of Marine Species: www.marinespecies.org,Animalia,Mollusca,Gastropoda,Lepetellida,Haliotidae,Haliotis,Haliotis cracherodii,10/24/2023
HALFUL,haliotis fulgens,haliotis fulgens,445325,World Register of Marine Species: www.marinespecies.org,Animalia,Mollusca,Gastropoda,Lepetellida,Haliotidae,Haliotis,Haliotis fulgens,10/24/2023
HALGLA,halosaccion glandiforme,halosaccion glandiforme,372579,World Register of Marine Species: www.marinespecies.org,Plantae,(Division) Rhodophyta,Florideophyceae,Palmariales,Palmariaceae,Halosaccion,Halosaccion glandiforme,10/24/2023
HALICL,haliclona spp,haliclona spp,131834,World Register of Marine Species: www.marinespecies.org,Animalia,Porifera,Demospongiae,Haplosclerida,Chalinidae,Haliclona,NULL,10/24/2023
HALPAN,halichondria panicea,halichondria panicea,165853,World Register of Marine Species: www.marinespecies.org,Animalia,Porifera,Demospongiae,Suberitida,Halichondriidae,Halichondria,Halichondria (Halichondria),10/24/2023
HALRUF,haliotis rufescens,haliotis rufescens,445357,World Register of Marine Species: www.marinespecies.org,Animalia,Mollusca,Gastropoda,Lepetellida,Haliotidae,Haliotis,Haliotis rufescens,10/24/2023
HALSTE,stephanocystis spp,halidrys dioica/cystoseira spp,370250,World Register of Marine Species: www.marinespecies.org,Chromista,Ochrophyta,Phaeophyceae,Fucales,Sargassaceae,Stephanocystis,NULL,10/24/2023
HEDSES,hedophyllum sessile,hedophyllum sessile,496237,World Register of Marine Species: www.marinespecies.org,Chromista,Ochrophyta,Phaeophyceae,Laminariales,Laminariaceae,Hedophyllum,Hedophyllum sessile,10/24/2023
HEMNUD,hemigrapsus nudus,hemigrapsus nudus,444776,World Register of Marine Species: www.marinespecies.org,Animalia,Arthropoda,Malacostraca,Decapoda,Varunidae,Hemigrapsus,Hemigrapsus nudus,10/24/2023
HEMORE,hemigrapsus oregonensis,hemigrapsus oregonensis,444778,World Register of Marine Species: www.marinespecies.org,Animalia,Arthropoda,Malacostraca,Decapoda,Varunidae,Hemigrapsus,Hemigrapsus oregonensis,10/24/2023
HEMPAC,pachygrapsus crassipes and hemigrapsus nudus recru,pachygrapsus crassipes and hemigrapsus nudus recruits,1130,World Register of Marine Species: www.marinespecies.org,Animalia,Arthropoda,Malacostraca,Decapoda,NULL,NULL,NULL,10/24/2023
HENSPP,henricia spp,henricia spp,123276,World Register of Marine Species: www.marinespecies.org,Animalia,Echinodermata,Asteroidea,Spinulosida,Echinasteridae,Henricia,NULL,10/24/2023
HERMIT,hermit crabs,unidentified hermit crab,1130,World Register of Marine Species: www.marinespecies.org,Animalia,Arthropoda,Malacostraca,Decapoda,NULL,NULL,NULL,10/24/2023
HESCAL,pelvetiopsis californica,prev. hesperophycus californicus; currently pelvetiopsis californica,374117,World Register of Marine Species: www.marinespecies.org,Chromista,Ochrophyta,Phaeophyceae,Fucales,Fucaceae,Hesperophycus,Hesperophycus californicus,10/24/2023
HOMSPP,homalopoma spp,homalopoma spp,138605,World Register of Marine Species: www.marinespecies.org,Animalia,Mollusca,Gastropoda,Trochida,Colloniidae,Homalopoma,NULL,10/24/2023
IDOSPP,idotea spp,idotea spp,118454,World Register of Marine Species: www.marinespecies.org,Animalia,Arthropoda,Malacostraca,Isopoda,Idoteidae,Idotea,NULL,10/24/2023
JUVBRI,juvenile unidentified brittlestar,unidentified juvenile brittlestar,123084,World Register of Marine Species: www.marinespecies.org,Animalia,Echinodermata,Ophiuroidea,NULL,NULL,NULL,NULL,10/24/2023
JUVSEA,juvenile seastar,unidentified juvenile seastar,123084,World Register of Marine Species: www.marinespecies.org,Animalia,Echinodermata,Ophiuroidea,NULL,NULL,NULL,NULL,10/24/2023
KATTUN,katharina tunicata,katharina tunicata,386338,World Register of Marine Species: www.marinespecies.org,Animalia,Mollusca,Polyplacophora,Chitonida,Mopaliidae,Katharina,Katharina tunicata,10/24/2023
KELKEL,kelletia kelletii,kelletia kelletii,491054,World Register of Marine Species: www.marinespecies.org,Animalia,Mollusca,Gastropoda,Neogastropoda,Austrosiphonidae,Kelletia,Kelletia kelletii,10/24/2023
LACSPP,lacuna spp,lacuna spp,138099,World Register of Marine Species: www.marinespecies.org,Animalia,Mollusca,Gastropoda,Littorinimorpha,Littorinidae,Lacuna,NULL,10/24/2023
LAMSET,laminaria setchellii,laminaria setchellii,240748,World Register of Marine Species: www.marinespecies.org,Chromista,Ochrophyta,Phaeophyceae,Laminariales,Laminariaceae,Laminaria,Laminaria setchellii,10/24/2023
LAMSPP,laminaria spp,laminaria spp,144199,World Register of Marine Species: www.marinespecies.org,Chromista,Ochrophyta,Phaeophyceae,Laminariales,Laminariaceae,Laminaria,NULL,10/24/2023
LAUSPP,laurencia spp,laurencia spp,143914,World Register of Marine Species: www.marinespecies.org,Plantae,(Division) Rhodophyta,Florideophyceae,Ceramiales,Rhodomelaceae,Laurencia,NULL,10/24/2023
LEPDEN,cyanoplax dentiens,prev. lepidochitona dentiens; currently cyanoplax dentiens,761656,World Register of Marine Species: www.marinespecies.org,Animalia,Mollusca,Polyplacophora,Chitonida,Tonicellidae,Lepidochitona,Lepidochitona dentiens,10/24/2023
LEPHAR,cyanoplax hartwegii,cyanoplax hartwegii,386416,World Register of Marine Species: www.marinespecies.org,Animalia,Mollusca,Polyplacophora,Chitonida,Tonicellidae,Cyanoplax,Cyanoplax hartwegii,10/24/2023
LEPIDO,lepidozona spp,lepidozona spp,204533,World Register of Marine Species: www.marinespecies.org,Animalia,Mollusca,Polyplacophora,Chitonida,Ischnochitonidae,Lepidozona,NULL,10/24/2023
LEPSPP,cyanoplax spp,lepidochitona spp; may include lepidochitona dentiens and juvenile cyanoplax hartwegii,385574,World Register of Marine Species: www.marinespecies.org,Animalia,Mollusca,Polyplacophora,Chitonida,Tonicellidae,Cyanoplax,NULL,10/24/2023
LEPTAS,leptasterias spp,leptasterias spp,123222,World Register of Marine Species: www.marinespecies.org,Animalia,Echinodermata,Asteroidea,Forcipulatida,Asteriidae,Leptasterias,NULL,10/24/2023
LICHEN,lichen,lichen,382455,World Register of Marine Species: www.marinespecies.org,Fungi,(Division) Ascomycota,Lecanoromycetes,Lecanorales,Parmeliaceae,NULL,NULL,10/24/2023
LIGOCC,ligia spp,ligia occidentalis,146998,World Register of Marine Species: www.marinespecies.org,Animalia,Arthropoda,Malacostraca,Isopoda,Ligiidae,Ligia,NULL,10/24/2023
LIMPET,limpets,all species of limpets through spring 2002; all limpets other than lottia gigantea from fall 2002 to present,391063,World Register of Marine Species: www.marinespecies.org,Animalia,Mollusca,Gastropoda,NULL,NULL,NULL,NULL,10/24/2023
LIMPLG,limpets over 15 mm in size,limpets over 15 mm in size other than lottia gigantea,391063,World Register of Marine Species: www.marinespecies.org,Animalia,Mollusca,Gastropoda,NULL,NULL,NULL,NULL,10/24/2023
LIMUNS,limpets unsized on all substrate,limpets of all sizes on all substrate types,391063,World Register of Marine Species: www.marinespecies.org,Animalia,Mollusca,Gastropoda,NULL,NULL,NULL,NULL,10/24/2023
LIRDIR,lirabuccinum dirum,lirabuccinum dirum,491076,World Register of Marine Species: www.marinespecies.org,Animalia,Mollusca,Gastropoda,Neogastropoda,Tudiclidae,Lirabuccinum,Lirabuccinum dirum,10/24/2023
LITSPP,littorina spp,littorina spp,138135,World Register of Marine Species: www.marinespecies.org,Animalia,Mollusca,Gastropoda,Littorinimorpha,Littorinidae,Littorina,NULL,10/24/2023
LITUND,megastraea undosa,prev. lithopoma undosum; currently megastraea undosa,413410,World Register of Marine Species: www.marinespecies.org,Animalia,Mollusca,Gastropoda,Trochida,Turbinidae,Lithopoma,Lithopoma undosum,10/24/2023
LMDALL,limpets 5-15 mm in size on all substrate,limpets 5-15 mm in size on all substrate (other than lottia gigantea),391063,World Register of Marine Species: www.marinespecies.org,Animalia,Mollusca,Gastropoda,NULL,NULL,NULL,NULL,10/24/2023
LMDMUS,limpets 5-15 mm in size on mussels,limpets 5-15 mm in size on mussels,391063,World Register of Marine Species: www.marinespecies.org,Animalia,Mollusca,Gastropoda,NULL,NULL,NULL,NULL,10/24/2023
LMDROC,limpets 5-15 mm in size on rock,limpets 5-15 mm in size on rock,391063,World Register of Marine Species: www.marinespecies.org,Animalia,Mollusca,Gastropoda,NULL,NULL,NULL,NULL,10/24/2023
LOMHAK,lomentaria hakodatensis,lomentaria hakodatensis,232230,World Register of Marine Species: www.marinespecies.org,Plantae,(Division) Rhodophyta,Florideophyceae,Rhodymeniales,Lomentariaceae,Lomentaria,Lomentaria hakodatensis,10/24/2023
LOTGIG,lottia gigantea,lottia gigantea,456593,World Register of Marine Species: www.marinespecies.org,Animalia,Mollusca,Gastropoda,NULL,Lottiidae,Lottia,Lottia gigantea,10/24/2023
LOTSCA,lottia scabra; lottia conus,lottia scabra; lottia conus; added for collections only,160336,World Register of Marine Species: www.marinespecies.org,Animalia,Mollusca,Gastropoda,NULL,Lottiidae,Lottia,NULL,10/24/2023
LOTSPP,lottia spp,lottia spp  other than lottia gigantea,160336,World Register of Marine Species: www.marinespecies.org,Animalia,Mollusca,Gastropoda,NULL,Lottiidae,Lottia,NULL,10/24/2023
LSMALL,limpets under 5 mm in size on all substrate,limpets under 5 mm in size on all substrate,391063,World Register of Marine Species: www.marinespecies.org,Animalia,Mollusca,Gastropoda,NULL,NULL,NULL,NULL,10/24/2023
LSMMUS,limpets under 5 mm in size on mussels,limpets under 5 mm in size on mussels,391063,World Register of Marine Species: www.marinespecies.org,Animalia,Mollusca,Gastropoda,NULL,NULL,NULL,NULL,10/24/2023
LSMROC,limpets under 5 mm in size on rock,limpets under 5 mm in size on rock,391063,World Register of Marine Species: www.marinespecies.org,Animalia,Mollusca,Gastropoda,NULL,NULL,NULL,NULL,10/24/2023
MACLIV,macron lividus,macron lividus,489193,World Register of Marine Species: www.marinespecies.org,Animalia,Mollusca,Gastropoda,Neogastropoda,[unassigned] Buccinoidea,Macron,Macron lividus,10/24/2023
MACSPP,macrocystis pyrifera,macrocystis pyrifera; added for collections only,232231,World Register of Marine Species: www.marinespecies.org,Chromista,Ochrophyta,Phaeophyceae,Laminariales,Laminariaceae,Macrocystis,Macrocystis pyrifera,10/24/2023
MASSPP,mastocarpus spp,mastocarpus papillatus/jardinii,144163,World Register of Marine Species: www.marinespecies.org,Plantae,(Division) Rhodophyta,Florideophyceae,Gigartinales,Phyllophoraceae,Mastocarpus,NULL,10/24/2023
MAZAFF,mazzaella affinis,mazzaella affinis,371703,World Register of Marine Species: www.marinespecies.org,Plantae,(Division) Rhodophyta,Florideophyceae,Gigartinales,Gigartinaceae,Mazzaella,Mazzaella affinis,10/24/2023
MAZLEP,mazzaella leptorhynchos,mazzaella leptorhynchos,371705,World Register of Marine Species: www.marinespecies.org,Plantae,(Division) Rhodophyta,Florideophyceae,Gigartinales,Gigartinaceae,Mazzaella,Mazzaella leptorhynchos,10/24/2023
MAZPAR,mazzaella parksii,mazzaella parksii,376220,World Register of Marine Species: www.marinespecies.org,Plantae,(Division) Rhodophyta,Florideophyceae,Gigartinales,Gigartinaceae,Mazzaella,Mazzaella parksii,10/24/2023
MAZSPP,mazzaella spp,mazzaella spp (=iridaea spp),369878,World Register of Marine Species: www.marinespecies.org,Plantae,(Division) Rhodophyta,Florideophyceae,Gigartinales,Gigartinaceae,Mazzaella,NULL,10/24/2023
MEXLUG,mexacanthina lugubris,mexacanthina lugubris,404505,World Register of Marine Species: www.marinespecies.org,Animalia,Mollusca,Gastropoda,Neogastropoda,Muricidae,Mexacanthina,Mexacanthina lugubris,10/24/2023
MICBOR,microcladia borealis,microcladia borealis,372610,World Register of Marine Species: www.marinespecies.org,Plantae,(Division) Rhodophyta,Florideophyceae,Ceramiales,Ceramiaceae,Microcladia,Microcladia borealis,10/24/2023
MOPSPP,mopalia spp,mopalia spp,385567,World Register of Marine Species: www.marinespecies.org,Animalia,Mollusca,Polyplacophora,Chitonida,Mopaliidae,Mopalia,NULL,10/24/2023
MYTCAL,mytilus californianus,primarily mytilus californianus; but may include m. trossulus/galloprovincialis; septifer; and brachydontes where photoplots scored in lab or where juvenile species were too small to id in the field,367837,World Register of Marine Species: www.marinespecies.org,Animalia,Mollusca,Bivalvia,Mytilida,Mytilidae,Mytilus,Mytilus californianus,10/24/2023
MYTPOL,mytilus californianus; pollicipes polymerus,mytilus californianus; pollicipes polymerus; combined for use in lottia cover data,NA,MARINe researchers,NULL,NULL,NULL,NULL,NULL,NULL,NULL,10/24/2023
MYTTRO,mytilus trossulus; galloprovincialis; edulis,mytilus trossulus,138228,World Register of Marine Species: www.marinespecies.org,Animalia,Mollusca,Bivalvia,Mytilida,Mytilidae,Mytilus,NULL,10/24/2023
NEMHEL,nemalion elminthoides,nemalion helminthoides,145765,World Register of Marine Species: www.marinespecies.org,Plantae,(Division) Rhodophyta,Florideophyceae,Nemaliales,Nemaliaceae,Nemalion,Nemalion elminthoides,10/24/2023
NEOLAR,neorhodomela larix,neorhodomela larix,372616,World Register of Marine Species: www.marinespecies.org,Plantae,(Division) Rhodophyta,Florideophyceae,Ceramiales,Rhodomelaceae,Neorhodomela,Neorhodomela larix,10/24/2023
NEOODO,neorhodomela oregona/odonthalia floccosa,neorhodomela oregona/odonthalia spp,143674,World Register of Marine Species: www.marinespecies.org,Plantae,(Division) Rhodophyta,Florideophyceae,Ceramiales,Rhodomelaceae,NULL,NULL,10/24/2023
NERLUE,nereocystis luetkeana,nereocystis luetkeana,240752,World Register of Marine Species: www.marinespecies.org,Chromista,Ochrophyta,Phaeophyceae,Laminariales,Laminariaceae,Nereocystis,Nereocystis luetkeana,10/24/2023
NONCRU,non-coralline crusts,any thin; flattened; crust-like algae other than coralline crusts,3,World Register of Marine Species: www.marinespecies.org,Plantae,NULL,NULL,NULL,NULL,NULL,NULL,10/24/2023
NONE,none,no additional species found on point,NA,MARINe researchers,NULL,NULL,NULL,NULL,NULL,NULL,NULL,10/24/2023
NORNOR,norrisia norrisi,norrisia norrisi,534181,World Register of Marine Species: www.marinespecies.org,Animalia,Mollusca,Gastropoda,Trochida,Tegulidae,Norrisia,Norrisia norrisii,10/24/2023
NUCCAN,nucella canaliculata,nucella canaliculata,404205,World Register of Marine Species: www.marinespecies.org,Animalia,Mollusca,Gastropoda,Neogastropoda,Muricidae,Nucella,Nucella canaliculata,10/24/2023
NUCEMA,nucella emarginata; nucella ostrina,nucella emarginata/ostrina,138199,World Register of Marine Species: www.marinespecies.org,Animalia,Mollusca,Gastropoda,Neogastropoda,Muricidae,Nucella,NULL,10/24/2023
NUCLAM,nucella lamellosa,nucella lamellosa,404218,World Register of Marine Species: www.marinespecies.org,Animalia,Mollusca,Gastropoda,Neogastropoda,Muricidae,Nucella,Nucella lamellosa,10/24/2023
NUCLIM,nucella lima,nucella lima,404384,World Register of Marine Species: www.marinespecies.org,Animalia,Mollusca,Gastropoda,Neogastropoda,Muricidae,Nucella,Nucella lima,10/24/2023
NUCSPP,nucella spp,nucella spp,138199,World Register of Marine Species: www.marinespecies.org,Animalia,Mollusca,Gastropoda,Neogastropoda,Muricidae,Nucella,NULL,10/24/2023
NUTSPP,nuttallina spp,nuttallina spp,385576,World Register of Marine Species: www.marinespecies.org,Animalia,Mollusca,Polyplacophora,Chitonida,Tonicellidae,Nuttallina,NULL,10/24/2023
OCECIR,ocenebra circumtexta,ocenebra circumtexta,463980,World Register of Marine Species: www.marinespecies.org,Animalia,Mollusca,Gastropoda,Neogastropoda,Muricidae,Ocenebra,Ocenebra circumtexta,10/24/2023
OCEINT,ocenebra interfossa,ocenebra interfossa,403751,World Register of Marine Species: www.marinespecies.org,Animalia,Mollusca,Gastropoda,Neogastropoda,Muricidae,Ocinebrina,Ocinebrina interfossa,10/24/2023
OCELUR,ocinebrina lurida,ocenebra lurida,403752,World Register of Marine Species: www.marinespecies.org,Animalia,Mollusca,Gastropoda,Neogastropoda,Muricidae,Ocinebrina,Ocinebrina lurida,10/24/2023
OCEPOU,roperia poulsoni,ocenebra poulsoni,404119,World Register of Marine Species: www.marinespecies.org,Animalia,Mollusca,Gastropoda,Neogastropoda,Muricidae,Roperia,Roperia poulsoni,10/24/2023
OCESPP,ocenebra spp,ocenebra spp,138200,World Register of Marine Species: www.marinespecies.org,Animalia,Mollusca,Gastropoda,Neogastropoda,Muricidae,Ocenebra,NULL,10/24/2023
ODOFLO,odonthalia floccosa,odonthalia floccosa,372621,World Register of Marine Species: www.marinespecies.org,Plantae,(Division) Rhodophyta,Florideophyceae,Ceramiales,Rhodomelaceae,Odonthalia,Odonthalia floccosa,10/24/2023
OKEROS,okenia rosacea,okenia rosacea,599485,World Register of Marine Species: www.marinespecies.org,Animalia,Mollusca,Gastropoda,Nudibranchia,Goniodorididae,Okenia,Okenia rosacea,10/24/2023
ONCBIL,onchidoris bilamellata,onchidoris bilamellata,150457,World Register of Marine Species: www.marinespecies.org,Animalia,Mollusca,Gastropoda,Nudibranchia,Onchidorididae,Onchidoris,Onchidoris bilamellata,10/24/2023
ONCBOR,onchidella borealis,onchidella borealis,446167,World Register of Marine Species: www.marinespecies.org,Animalia,Mollusca,Gastropoda,Systellommatophora,Onchidiidae,Onchidella,Onchidella borealis,10/24/2023
OPAREC,opaleye recruits,juvenile opaleye,280865,World Register of Marine Species: www.marinespecies.org,Animalia,Chordata,Teleostei,Centrarchiformes,Kyphosidae,Girella,Girella nigricans,10/24/2023
OPASPP,opalia spp,opalia spp.,137948,World Register of Marine Species: www.marinespecies.org,Animalia,Mollusca,Gastropoda,[unassigned] Caenogastropoda,Epitoniidae,Opalia,NULL,10/24/2023
OPHSPP,ophlitaspongia spp,ophlitaspongia spp,131873,World Register of Marine Species: www.marinespecies.org,Animalia,Porifera,Demospongiae,Poecilosclerida,Microcionidae,Ophlitaspongia,NULL,10/24/2023
ORTKOE,orthasterias koehleri,orthasterias koehleri,255048,World Register of Marine Species: www.marinespecies.org,Animalia,Echinodermata,Asteroidea,Forcipulatida,Asteriidae,Orthasterias,Orthasterias koehleri,10/24/2023
OSMLAU,osmundea spp; laurencia spp,osmundea/laurencia spp,494006,World Register of Marine Species: www.marinespecies.org,Plantae,(Division) Rhodophyta,Florideophyceae,Ceramiales,Rhodomelaceae,NULL,NULL,10/24/2023
OSMSPP,osmundea spp,osmundea spp,143921,World Register of Marine Species: www.marinespecies.org,Plantae,(Division) Rhodophyta,Florideophyceae,Ceramiales,Rhodomelaceae,Osmundea,NULL,10/24/2023
OTHALG,other algae; other plants,algae/plants that cannot be identified to species or group,NA,MARINe researchers,NULL,NULL,NULL,NULL,NULL,NULL,NULL,10/24/2023
OTHBAR,other barnacle,barnacle other than chthamalus spp; balanus glandula; pollicipes;tetraclita; or semibalanus,1082,World Register of Marine Species: www.marinespecies.org,Animalia,Arthropoda,Thecostraca,NULL,NULL,NULL,NULL,10/24/2023
OTHBRO,other brown algae,brown algae other than those scored separately (varies by group and over time),7,World Register of Marine Species: www.marinespecies.org,Chromista,NULL,NULL,NULL,NULL,NULL,NULL,10/24/2023
OTHER,other algae; other plant; other animal,unidentified algae/plant/animal,NA,MARINe researchers,NULL,NULL,NULL,NULL,NULL,NULL,NULL,10/24/2023
OTHGRE,other green algae,green algae other than those scored separately (varies by group and over time),801,World Register of Marine Species: www.marinespecies.org,Plantae,(Division) Chlorophyta,NULL,NULL,NULL,NULL,NULL,10/24/2023
OTHINV,other invertebrates,invertebrates other than those scored separately (varies by group and over time),2,World Register of Marine Species: www.marinespecies.org,Animalia,NULL,NULL,NULL,NULL,NULL,NULL,10/24/2023
OTHMOL,other molluscs,unidentified mollusc,51,World Register of Marine Species: www.marinespecies.org,Animalia,Mollusca,NULL,NULL,NULL,NULL,NULL,10/24/2023
OTHRED,other red algae,red algae other than those scored separately (varies by group and over time),852,World Register of Marine Species: www.marinespecies.org,Plantae,(Division) Rhodophyta,NULL,NULL,NULL,NULL,NULL,10/24/2023
OTHSEA,other sea star,sea star other than those species scored separately; may vary by group but generally other than PISOCH; HENSPP; LEPTAS; PATMIN,123080,World Register of Marine Species: www.marinespecies.org,Animalia,Echinodermata,Asteroidea,NULL,NULL,NULL,NULL,10/24/2023
OTHSPO,other sponge,sponge other than haliclonia--others?,558,World Register of Marine Species: www.marinespecies.org,Animalia,Porifera,NULL,NULL,NULL,NULL,NULL,10/24/2023
OTHSUB,other substrate,substrate other than rock or sand; includes dead barnacles; mussels; etc. where these are not scored separately,NA,MARINe researchers,NULL,NULL,NULL,NULL,NULL,NULL,NULL,10/24/2023
PACCRA,pachygrapsus crassipes,pachygrapsus crassipes,395016,World Register of Marine Species: www.marinespecies.org,Animalia,Arthropoda,Malacostraca,Decapoda,Grapsidae,Pachygrapsus,Pachygrapsus crassipes,10/24/2023
PACSPP,pachycheles spp,pachycheles spp,205958,World Register of Marine Species: www.marinespecies.org,Animalia,Arthropoda,Malacostraca,Decapoda,Porcellanidae,Pachycheles,NULL,10/24/2023
PAGBER,pagurus beringanus,pagurus beringanus,366657,World Register of Marine Species: www.marinespecies.org,Animalia,Arthropoda,Malacostraca,Decapoda,Paguridae,Pagurus,Pagurus beringanus,10/24/2023
PAGGRA,pagurus granosimanus,pagurus granosimanus,366694,World Register of Marine Species: www.marinespecies.org,Animalia,Arthropoda,Malacostraca,Decapoda,Paguridae,Pagurus,Pagurus granosimanus,10/24/2023
PAGHIR,pagurus hirsutiusculus,pagurus hirsutiusculus,366699,World Register of Marine Species: www.marinespecies.org,Animalia,Arthropoda,Malacostraca,Decapoda,Paguridae,Pagurus,Pagurus hirsutiusculus,10/24/2023
PAGSAM,pagurus samuelis,pagurus samuelis,366786,World Register of Marine Species: www.marinespecies.org,Animalia,Arthropoda,Malacostraca,Decapoda,Paguridae,Pagurus,Pagurus samuelis,10/24/2023
PAGSPP,pagurus spp,pagurus species other than p. beringanus; p. granosimanus; p. hirsutiusculus; or p. samuelis; may include juveniles of any pagurus species,106854,World Register of Marine Species: www.marinespecies.org,Animalia,Arthropoda,Malacostraca,Decapoda,Paguridae,Pagurus,NULL,10/24/2023
PATMIN,patiria miniata,patiria miniata,382131,World Register of Marine Species: www.marinespecies.org,Animalia,Echinodermata,Asteroidea,Valvatida,Asterinidae,Patiria,Patiria miniata,10/24/2023
PELHYB,pelvetiopsis hybrida,pelvetiopsis hybrida,370005,World Register of Marine Species: www.marinespecies.org,Chromista,Ochrophyta,Phaeophyceae,Fucales,Fucaceae,Pelvetiopsis,NULL,10/24/2023
PELLIM,pelvetiopsis limitata,pelvetiopsis limitata,372511,World Register of Marine Species: www.marinespecies.org,Chromista,Ochrophyta,Phaeophyceae,Fucales,Fucaceae,Pelvetiopsis,Pelvetiopsis limitata,10/24/2023
PETROC,petrocelis,petrocelis phase of mastocarpus spp.,144163,World Register of Marine Species: www.marinespecies.org,Plantae,(Division) Rhodophyta,Florideophyceae,Gigartinales,Phyllophoraceae,Mastocarpus,NULL,10/24/2023
PETRUG,petrospongium rugosum,petrospongium rugosum,371938,World Register of Marine Species: www.marinespecies.org,Chromista,Ochrophyta,Phaeophyceae,Ectocarpales,Petrospongiaceae,Petrospongium,Petrospongium rugosum,10/24/2023
PETSPP,petrolisthes spp,petrolisthes spp,206848,World Register of Marine Species: www.marinespecies.org,Animalia,Arthropoda,Malacostraca,Decapoda,Porcellanidae,Petrolisthes,NULL,10/24/2023
PHRSAB,phragmatopoma spp; sabellaria spp,phragmatopoma californica at sites south of Bodega; but may include other species of sabellaridae at more northern sites,979,World Register of Marine Species: www.marinespecies.org,Animalia,Annelida,Polychaeta,NULL,Sabellariidae,NULL,NULL,10/24/2023
PHYEGR,phyllospadix on egregia,phyllospadix overlaying egregia; used for short period in transects,370041,World Register of Marine Species: www.marinespecies.org,Plantae,(Division) Tracheophyta,Magnoliopsida,Alismatales,Zosteraceae,Phyllospadix,NULL,10/24/2023
PHYSCO,phyllospadix scouleri,phyllospadix scouleri,374707,World Register of Marine Species: www.marinespecies.org,Plantae,(Division) Tracheophyta,Magnoliopsida,Alismatales,Zosteraceae,Phyllospadix,Phyllospadix scouleri,10/24/2023
PHYSCP,percentage of phyllospadix scouleri,qualitative estimate of percent cover of p. scouleri along transect,374707,World Register of Marine Species: www.marinespecies.org,Plantae,(Division) Tracheophyta,Magnoliopsida,Alismatales,Zosteraceae,Phyllospadix,Phyllospadix scouleri,10/24/2023
PHYSPP,phyllospadix spp,primarily phyllospadix scouleri/torreyi overstory but includes p. serrulatus at northern sites,370041,World Register of Marine Species: www.marinespecies.org,Plantae,(Division) Tracheophyta,Magnoliopsida,Alismatales,Zosteraceae,Phyllospadix,NULL,10/24/2023
PHYTOP,percentage of phyllospadix torreyi,qualitative estimate of percent cover of p. torreyi along transect,374709,World Register of Marine Species: www.marinespecies.org,Plantae,(Division) Tracheophyta,Magnoliopsida,Alismatales,Zosteraceae,Phyllospadix,Phyllospadix torreyi,10/24/2023
PHYTOR,phyllospadix torreyi,phyllospadix torreyi,374709,World Register of Marine Species: www.marinespecies.org,Plantae,(Division) Tracheophyta,Magnoliopsida,Alismatales,Zosteraceae,Phyllospadix,Phyllospadix torreyi,10/24/2023
PHYUND,phyllospadix spp understory,phyllospadix spp occurring under other species of algae/plants,370041,World Register of Marine Species: www.marinespecies.org,Plantae,(Division) Tracheophyta,Magnoliopsida,Alismatales,Zosteraceae,Phyllospadix,NULL,10/24/2023
PISBRE,pisaster brevispinus,pisaster brevispinus,240757,World Register of Marine Species: www.marinespecies.org,Animalia,Echinodermata,Asteroidea,Forcipulatida,Asteriidae,Pisaster,Pisaster brevispinus,10/24/2023
PISGIG,pisaster giganteus,pisaster giganteus,240758,World Register of Marine Species: www.marinespecies.org,Animalia,Echinodermata,Asteroidea,Forcipulatida,Asteriidae,Pisaster,Pisaster giganteus,10/24/2023
PISOCH,pisaster ochraceus,pisaster ochraceus,240755,World Register of Marine Species: www.marinespecies.org,Animalia,Echinodermata,Asteroidea,Forcipulatida,Asteriidae,Pisaster,Pisaster ochraceus,10/24/2023
PLOCAR,plocamium pacificum,plocamium cartilagineum,495874,World Register of Marine Species: www.marinespecies.org,Plantae,(Division) Rhodophyta,Florideophyceae,Plocamiales,Plocamiaceae,Plocamium,Plocamium cartilagineum,10/24/2023
PLOSPP,plocamium spp,plocamium spp,144223,World Register of Marine Species: www.marinespecies.org,Plantae,(Division) Rhodophyta,Florideophyceae,Plocamiales,Plocamiaceae,Plocamium,NULL,10/24/2023
PLOVIO,plocamium violaceum,plocamium violaceum,372633,World Register of Marine Species: www.marinespecies.org,Plantae,(Division) Rhodophyta,Florideophyceae,Plocamiales,Plocamiaceae,Plocamium,Plocamium violaceum,10/24/2023
POLPOL,pollicipes polymerus,pollicipes polymerus,535329,World Register of Marine Species: www.marinespecies.org,Animalia,Arthropoda,Thecostraca,Pollicipedomorpha,Pollicipedidae,Pollicipes,Pollicipes polymerus,10/24/2023
POLSPP,polysiphonia spp,polysiphonia spp,143853,World Register of Marine Species: www.marinespecies.org,Plantae,(Division) Rhodophyta,Florideophyceae,Ceramiales,Rhodomelaceae,Polysiphonia,NULL,10/24/2023
PORSPP,pyropia spp,porphyra spp,603075,World Register of Marine Species: www.marinespecies.org,Plantae,(Division) Rhodophyta,Bangiophyceae,Bangiales,Bangiaceae,Pyropia,NULL,10/24/2023
POSPAL,postelsia palmaeformis,postelsia palmaeformis,372518,World Register of Marine Species: www.marinespecies.org,Chromista,Ochrophyta,Phaeophyceae,Laminariales,Laminariaceae,Postelsia,Postelsia palmaeformis,10/24/2023
PRISPP,prionitis spp,prionitis spp,144044,World Register of Marine Species: www.marinespecies.org,Plantae,(Division) Rhodophyta,Florideophyceae,Halymeniales,Grateloupiaceae,Grateloupia,NULL,10/24/2023
PSERRU,phyllospadix serrulatus,phyllospadix serrulatus,374708,World Register of Marine Species: www.marinespecies.org,Plantae,(Division) Tracheophyta,Magnoliopsida,Alismatales,Zosteraceae,Phyllospadix,Phyllospadix serrulatus,10/24/2023
PTEROS,pterosiphonia spp,pterosiphonia spp,143922,World Register of Marine Species: www.marinespecies.org,Plantae,(Division) Rhodophyta,Florideophyceae,Ceramiales,Rhodomelaceae,Pterosiphonia,NULL,10/24/2023
PTESPP,pterocladiella spp,pterocladiella spp,144137,World Register of Marine Species: www.marinespecies.org,Plantae,(Division) Rhodophyta,Florideophyceae,Gelidiales,Pterocladiaceae,Pterocladiella,NULL,10/24/2023
PUGSPP,pugettia spp,pugettia spp,240779,World Register of Marine Species: www.marinespecies.org,Animalia,Arthropoda,Malacostraca,Decapoda,Epialtidae,Pugettia,NULL,10/24/2023
PYCHEL,pycnopodia helianthoides,pycnopodia helianthoides,240764,World Register of Marine Species: www.marinespecies.org,Animalia,Echinodermata,Asteroidea,Forcipulatida,Asteriidae,Pycnopodia,Pycnopodia helianthoides,10/24/2023
RECOVE,recovery,recovery,NA,MARINe researchers,NULL,NULL,NULL,NULL,NULL,NULL,NULL,10/24/2023
ROCK,rock,bare; unconsolidated substrates larger than sand/gravel (including cobble; rocks; and boulders) and all consolidated substrates (i.e.; bedrock) that contain no obvious living organisms or tar (epoxy corner markers and blue-green algal films are scored as ,NA,MARINe researchers,NULL,NULL,NULL,NULL,NULL,NULL,NULL,10/24/2023
SAND,sand,granular; particulate (fine sand to gravel) substrate. Photoplots: score ,NA,MARINe researchers,NULL,NULL,NULL,NULL,NULL,NULL,NULL,10/24/2023
SARAGA,sargassum agardhianum,sargassum agardhianum,494906,World Register of Marine Species: www.marinespecies.org,Chromista,Ochrophyta,Phaeophyceae,Fucales,Sargassaceae,Sargassum,Sargassum agardhianum,10/24/2023
SARHOR,sargassum horneri,sargassum horneri,494853,World Register of Marine Species: www.marinespecies.org,Chromista,Ochrophyta,Phaeophyceae,Fucales,Sargassaceae,Sargassum,Sargassum horneri,10/24/2023
SARMUT,sargassum muticum,sargassum muticum,494791,World Register of Marine Species: www.marinespecies.org,Chromista,Ochrophyta,Phaeophyceae,Fucales,Sargassaceae,Sargassum,Sargassum muticum,10/24/2023
SCULPI,sculpins,sculpin,154417,World Register of Marine Species: www.marinespecies.org,Animalia,Chordata,Teleostei,Perciformes,NULL,NULL,NULL,10/24/2023
SCYSPP,scytosiphon spp; melanosiphon spp,scytosiphon spp; melanosiphon spp\n,830,World Register of Marine Species: www.marinespecies.org,Chromista,Ochrophyta,Phaeophyceae,NULL,NULL,NULL,NULL,10/24/2023
SEMBAL,balanus glandula; semibalanus balanoides,balanus glandula/semibalanus balanoides; unique to Sitka sites; made inactive so new code could be used (BALSEM),106041,World Register of Marine Species: www.marinespecies.org,Animalia,Arthropoda,Thecostraca,Balanomorpha,NULL,NULL,NULL,10/24/2023
SEMCAR,semibalanus cariosus,semibalanus cariosus,594746,World Register of Marine Species: www.marinespecies.org,Animalia,Arthropoda,Thecostraca,Balanomorpha,Balanidae,Semibalanus,Semibalanus cariosus,10/24/2023
SEPBIF,mytilisepta bifurcata,prev. septifer bifurcatus; mytilisepta bifurcata,546021,World Register of Marine Species: www.marinespecies.org,Animalia,Mollusca,Bivalvia,Mytilida,Mytilidae,Septifer,Septifer bifurcatus,10/24/2023
SEPBRA,mytilisepta bifurcata; brachidontes adamsianus,septifer bifurcatus/brachydontes adamsianus,211,World Register of Marine Species: www.marinespecies.org,Animalia,Mollusca,Bivalvia,Mytilida,Mytilidae,NULL,NULL,10/24/2023
SILCOM,silvetia compressa,silvetia compressa,374120,World Register of Marine Species: www.marinespecies.org,Chromista,Ochrophyta,Phaeophyceae,Fucales,Fucaceae,Silvetia,Silvetia compressa,10/24/2023
SILHES,silvetia compressa; hesperophycus californicus,silvetia compressa/hesperophycus californicus,143723,World Register of Marine Species: www.marinespecies.org,Chromista,Ochrophyta,Phaeophyceae,Fucales,Fucaceae,NULL,NULL,10/24/2023
SPISPP,spirorbis spp,any species in the subfamily Spirorbinae,129642,World Register of Marine Species: www.marinespecies.org,Animalia,Annelida,Polychaeta,Sabellida,Serpulidae,Spirorbis,NULL,10/24/2023
STRDRO,strongylocentrotus droebachiensis,strongylocentrotus droebachiensis,124321,World Register of Marine Species: www.marinespecies.org,Animalia,Echinodermata,Echinoidea,Camarodonta,Strongylocentrotidae,Strongylocentrotus,Strongylocentrotus droebachiensis,10/24/2023
STRFRA,strongylocentrotus franciscanus,strongylocentrotus franciscanus,591102,World Register of Marine Species: www.marinespecies.org,Animalia,Echinodermata,Echinoidea,Camarodonta,Strongylocentrotidae,Mesocentrotus,Mesocentrotus franciscanus,10/24/2023
STRPUR,strongylocentrotus purpuratus,strongylocentrotus purpuratus,240747,World Register of Marine Species: www.marinespecies.org,Animalia,Echinodermata,Echinoidea,Camarodonta,Strongylocentrotidae,Strongylocentrotus,Strongylocentrotus purpuratus,10/24/2023
TAOLEN,taonia lennebackerae,taonia lennebackerae,372695,World Register of Marine Species: www.marinespecies.org,Chromista,Ochrophyta,Phaeophyceae,Dictyotales,Dictyotaceae,Taonia,Taonia lennebackerae,10/24/2023
TAR,tar,fresh or weathered oil or tar coating on the substrate,NA,MARINe researchers,NULL,NULL,NULL,NULL,NULL,NULL,NULL,10/24/2023
TEGAUR,tegula aureotincta,tegula aureotincta,534186,World Register of Marine Species: www.marinespecies.org,Animalia,Mollusca,Gastropoda,Trochida,Tegulidae,Tegula,Tegula aureotincta,10/24/2023
TEGBRU,tegula brunnea,tegula brunnea,534187,World Register of Marine Species: www.marinespecies.org,Animalia,Mollusca,Gastropoda,Trochida,Tegulidae,Tegula,Tegula brunnea,10/24/2023
TEGEIS,tegula eiseni,tegula eiseni,413469,World Register of Marine Species: www.marinespecies.org,Animalia,Mollusca,Gastropoda,Trochida,Tegulidae,Tegula,Tegula eiseni,10/24/2023
TEGFUG,tegula funebralis; tegula gallina,tegula funebralis/gallina,413467,World Register of Marine Species: www.marinespecies.org,Animalia,Mollusca,Gastropoda,Trochida,Tegulidae,Tegula,NULL,10/24/2023
TEGFUN,tegula funebralis,tegula funebralis,534190,World Register of Marine Species: www.marinespecies.org,Animalia,Mollusca,Gastropoda,Trochida,Tegulidae,Tegula,Tegula funebralis,10/24/2023
TEGGAL,tegula gallina,tegula gallina,534191,World Register of Marine Species: www.marinespecies.org,Animalia,Mollusca,Gastropoda,Trochida,Tegulidae,Tegula,Tegula gallina,10/24/2023
TEGSPP,tegula spp,tegula spp,413467,World Register of Marine Species: www.marinespecies.org,Animalia,Mollusca,Gastropoda,Trochida,Tegulidae,Tegula,NULL,10/24/2023
TETRUB,tetraclita rubescens,tetraclita rubescens,733565,World Register of Marine Species: www.marinespecies.org,Animalia,Arthropoda,Thecostraca,Balanomorpha,Tetraclitidae,Tetraclita,Tetraclita squamosa,10/24/2023
TONSPP,tonicella spp,tonicella spp,138090,World Register of Marine Species: www.marinespecies.org,Animalia,Mollusca,Polyplacophora,Chitonida,Tonicellidae,Tonicella,NULL,10/24/2023
TRISPP,trimusculus spp,trimusculus spp,138565,World Register of Marine Species: www.marinespecies.org,Animalia,Mollusca,Gastropoda,Ellobiida,Trimusculidae,Trimusculus,NULL,10/24/2023
TUNICA,tunicate,tunicate,1821,World Register of Marine Species: www.marinespecies.org,Animalia,Chordata,NULL,NULL,NULL,NULL,NULL,10/24/2023
ULOSPP,ulothrix spp,ulothrix spp,144287,World Register of Marine Species: www.marinespecies.org,Plantae,(Division) Chlorophyta,Ulvophyceae,Ulotrichales,Ulotrichaceae,Ulothrix,NULL,10/24/2023
ULVENT,ulva spp; kornmannia spp; monostroma spp,ulva spp/enteromorpha spp,146216,World Register of Marine Species: www.marinespecies.org,Plantae,(Division) Chlorophyta,Ulvophyceae,NULL,NULL,NULL,NULL,10/24/2023
UNDPIN,undaria pinnatifida,undaria pinnatifida,145721,World Register of Marine Species: www.marinespecies.org,Chromista,Ochrophyta,Phaeophyceae,Laminariales,Alariaceae,Undaria,Undaria pinnatifida,10/24/2023
UNIDEN,unidentified,cannot tell if plant; invertebrate; or substrate,NA,MARINe researchers,NULL,NULL,NULL,NULL,NULL,NULL,NULL,10/24/2023
WATSUB,watersipora spp,prev. watersipora subtorquata; lumped to spp,111592,World Register of Marine Species: www.marinespecies.org,Animalia,Bryozoa,Gymnolaemata,Cheilostomatida,Watersiporidae,Watersipora,Watersipora subtorquata,10/24/2023
ZONFAR,zonaria farlowii,zonaria farlowii,372696,World Register of Marine Species: www.marinespecies.org,Chromista,Ochrophyta,Phaeophyceae,Dictyotales,Dictyotaceae,Zonaria,Zonaria farlowii,10/24/2023
ZOSMAR,zostera marina,zostera marina,495077,World Register of Marine Species: www.marinespecies.org,Plantae,(Division) Tracheophyta,Magnoliopsida,Alismatales,Zosteraceae,Zostera,Zostera marina,10/24/2023
ZOSUND,zostera understory,zostera marina occurring under other species of algae/plants,495077,World Register of Marine Species: www.marinespecies.org,Plantae,(Division) Tracheophyta,Magnoliopsida,Alismatales,Zosteraceae,Zostera,Zostera marina,10/24/2023
